<?xml version="1.0" encoding="UTF-8"?>
<GenRun Id="impl_1" LaunchPart="xc7a100tcsg324-1" LaunchTime="1740371165">
  <File Type="PWROPT-DCP" Name="ArrayMultiplier_pwropt.dcp"/>
  <File Type="ROUTE-PWR" Name="ArrayMultiplier_power_routed.rpt"/>
  <File Type="PA-TCL" Name="ArrayMultiplier.tcl"/>
  <File Type="ROUTE-PWR-SUM" Name="ArrayMultiplier_power_summary_routed.pb"/>
  <File Type="REPORTS-TCL" Name="ArrayMultiplier_reports.tcl"/>
  <File Type="BG-DRC" Name="ArrayMultiplier.drc"/>
  <File Type="OPT-METHODOLOGY-DRC" Name="ArrayMultiplier_methodology_drc_opted.rpt"/>
  <File Type="INIT-TIMING" Name="ArrayMultiplier_timing_summary_init.rpt"/>
  <File Type="OPT-HWDEF" Name="ArrayMultiplier.hwdef"/>
  <File Type="OPT-DCP" Name="ArrayMultiplier_opt.dcp"/>
  <File Type="OPT-DRC" Name="ArrayMultiplier_drc_opted.rpt"/>
  <File Type="OPT-TIMING" Name="ArrayMultiplier_timing_summary_opted.rpt"/>
  <File Type="PWROPT-DRC" Name="ArrayMultiplier_drc_pwropted.rpt"/>
  <File Type="PWROPT-TIMING" Name="ArrayMultiplier_timing_summary_pwropted.rpt"/>
  <File Type="PLACE-DCP" Name="ArrayMultiplier_placed.dcp"/>
  <File Type="PLACE-IO" Name="ArrayMultiplier_io_placed.rpt"/>
  <File Type="PLACE-CLK" Name="ArrayMultiplier_clock_utilization_placed.rpt"/>
  <File Type="PLACE-UTIL" Name="ArrayMultiplier_utilization_placed.rpt"/>
  <File Type="PLACE-UTIL-PB" Name="ArrayMultiplier_utilization_placed.pb"/>
  <File Type="PLACE-CTRL" Name="ArrayMultiplier_control_sets_placed.rpt"/>
  <File Type="PLACE-SIMILARITY" Name="ArrayMultiplier_incremental_reuse_placed.rpt"/>
  <File Type="PLACE-PRE-SIMILARITY" Name="ArrayMultiplier_incremental_reuse_pre_placed.rpt"/>
  <File Type="PLACE-TIMING" Name="ArrayMultiplier_timing_summary_placed.rpt"/>
  <File Type="POSTPLACE-PWROPT-DCP" Name="ArrayMultiplier_postplace_pwropt.dcp"/>
  <File Type="POSTPLACE-PWROPT-TIMING" Name="ArrayMultiplier_timing_summary_postplace_pwropted.rpt"/>
  <File Type="PHYSOPT-DCP" Name="ArrayMultiplier_physopt.dcp"/>
  <File Type="PHYSOPT-DRC" Name="ArrayMultiplier_drc_physopted.rpt"/>
  <File Type="BG-BIT" Name="ArrayMultiplier.bit"/>
  <File Type="PHYSOPT-TIMING" Name="ArrayMultiplier_timing_summary_physopted.rpt"/>
  <File Type="ROUTE-ERROR-DCP" Name="ArrayMultiplier_routed_error.dcp"/>
  <File Type="ROUTE-DCP" Name="ArrayMultiplier_routed.dcp"/>
  <File Type="ROUTE-BLACKBOX-DCP" Name="ArrayMultiplier_routed_bb.dcp"/>
  <File Type="ROUTE-DRC" Name="ArrayMultiplier_drc_routed.rpt"/>
  <File Type="ROUTE-DRC-PB" Name="ArrayMultiplier_drc_routed.pb"/>
  <File Type="BITSTR-MSK" Name="ArrayMultiplier.msk"/>
  <File Type="ROUTE-DRC-RPX" Name="ArrayMultiplier_drc_routed.rpx"/>
  <File Type="BG-BGN" Name="ArrayMultiplier.bgn"/>
  <File Type="ROUTE-METHODOLOGY-DRC" Name="ArrayMultiplier_methodology_drc_routed.rpt"/>
  <File Type="BITSTR-RBT" Name="ArrayMultiplier.rbt"/>
  <File Type="ROUTE-METHODOLOGY-DRC-RPX" Name="ArrayMultiplier_methodology_drc_routed.rpx"/>
  <File Type="BG-BIN" Name="ArrayMultiplier.bin"/>
  <File Type="ROUTE-METHODOLOGY-DRC-PB" Name="ArrayMultiplier_methodology_drc_routed.pb"/>
  <File Type="ROUTE-PWR-RPX" Name="ArrayMultiplier_power_routed.rpx"/>
  <File Type="ROUTE-STATUS" Name="ArrayMultiplier_route_status.rpt"/>
  <File Type="ROUTE-STATUS-PB" Name="ArrayMultiplier_route_status.pb"/>
  <File Type="ROUTE-TIMINGSUMMARY" Name="ArrayMultiplier_timing_summary_routed.rpt"/>
  <File Type="ROUTE-TIMING-PB" Name="ArrayMultiplier_timing_summary_routed.pb"/>
  <File Type="ROUTE-TIMING-RPX" Name="ArrayMultiplier_timing_summary_routed.rpx"/>
  <File Type="ROUTE-SIMILARITY" Name="ArrayMultiplier_incremental_reuse_routed.rpt"/>
  <File Type="RDI-RDI" Name="ArrayMultiplier.vdi"/>
  <File Type="ROUTE-CLK" Name="ArrayMultiplier_clock_utilization_routed.rpt"/>
  <File Type="POSTROUTE-PHYSOPT-DCP" Name="ArrayMultiplier_postroute_physopt.dcp"/>
  <File Type="POSTROUTE-PHYSOPT-BLACKBOX-DCP" Name="ArrayMultiplier_postroute_physopt_bb.dcp"/>
  <File Type="POSTROUTE-PHYSOPT-TIMING" Name="ArrayMultiplier_timing_summary_postroute_physopted.rpt"/>
  <File Type="POSTROUTE-PHYSOPT-TIMING-PB" Name="ArrayMultiplier_timing_summary_postroute_physopted.pb"/>
  <File Type="POSTROUTE-PHYSOPT-TIMING-RPX" Name="ArrayMultiplier_timing_summary_postroute_physopted.rpx"/>
  <File Type="BITSTR-NKY" Name="ArrayMultiplier.nky"/>
  <File Type="BITSTR-BMM" Name="ArrayMultiplier_bd.bmm"/>
  <File Type="BITSTR-MMI" Name="ArrayMultiplier.mmi"/>
  <File Type="BITSTR-LTX" Name="debug_nets.ltx"/>
  <File Type="BITSTR-LTX" Name="ArrayMultiplier.ltx"/>
  <File Type="BITSTR-SYSDEF" Name="ArrayMultiplier.sysdef"/>
  <File Type="WBT-USG" Name="usage_statistics_webtalk.html"/>
  <FileSet Name="sources" Type="DesignSrcs" RelSrcDir="$PSRCDIR/sources_1">
    <Filter Type="Srcs"/>
    <File Path="$PPRDIR/../Lab2/multiplierCell.vhd">
      <FileInfo>
        <Attr Name="UsedIn" Val="synthesis"/>
        <Attr Name="UsedIn" Val="simulation"/>
      </FileInfo>
    </File>
    <File Path="$PPRDIR/../Lab2/multiplierRow.vhd">
      <FileInfo>
        <Attr Name="UsedIn" Val="synthesis"/>
        <Attr Name="UsedIn" Val="simulation"/>
      </FileInfo>
    </File>
    <File Path="$PPRDIR/../Lab2/multiplierTopLevel_8Bit.vhd">
      <FileInfo>
        <Attr Name="UsedIn" Val="synthesis"/>
        <Attr Name="UsedIn" Val="simulation"/>
      </FileInfo>
    </File>
    <File Path="$PPRDIR/../Lab2/multiplierTopLevel.vhd">
      <FileInfo>
        <Attr Name="AutoDisabled" Val="1"/>
        <Attr Name="UsedIn" Val="synthesis"/>
        <Attr Name="UsedIn" Val="simulation"/>
      </FileInfo>
    </File>
    <Config>
      <Option Name="DesignMode" Val="RTL"/>
      <Option Name="TopModule" Val="ArrayMultiplier"/>
    </Config>
  </FileSet>
  <FileSet Name="constrs_in" Type="Constrs" RelSrcDir="$PSRCDIR/constrs_1">
    <Filter Type="Constrs"/>
    <File Path="$PPRDIR/../Lab2/Nexys-A7-100T-master.xdc">
      <FileInfo>
        <Attr Name="UsedIn" Val="synthesis"/>
        <Attr Name="UsedIn" Val="implementation"/>
      </FileInfo>
    </File>
    <File Path="$PPRDIR/../Lab2/Nexys-A7-100T-master_asm.xdc">
      <FileInfo>
        <Attr Name="UsedIn" Val="synthesis"/>
        <Attr Name="UsedIn" Val="implementation"/>
      </FileInfo>
    </File>
    <Config>
      <Option Name="ConstrsType" Val="XDC"/>
    </Config>
  </FileSet>
  <Strategy Version="1" Minor="2">
    <StratHandle Name="Vivado Implementation Defaults" Flow="Vivado Implementation 2017">
      <Desc>Default settings for Implementation.</Desc>
    </StratHandle>
    <Step Id="init_design"/>
    <Step Id="opt_design"/>
    <Step Id="power_opt_design"/>
    <Step Id="place_design"/>
    <Step Id="post_place_power_opt_design"/>
    <Step Id="phys_opt_design"/>
    <Step Id="route_design"/>
    <Step Id="post_route_phys_opt_design"/>
    <Step Id="write_bitstream"/>
  </Strategy>
</GenRun>
