<?xml version="1.0" encoding="UTF-8"?>
<GenRun Id="synth_1" LaunchPart="xc7a100tcsg324-1" LaunchTime="1740371165">
  <File Type="PA-TCL" Name="ArrayMultiplier.tcl"/>
  <File Type="RDS-PROPCONSTRS" Name="ArrayMultiplier_drc_synth.rpt"/>
  <File Type="REPORTS-TCL" Name="ArrayMultiplier_reports.tcl"/>
  <File Type="RDS-RDS" Name="ArrayMultiplier.vds"/>
  <File Type="RDS-UTIL" Name="ArrayMultiplier_utilization_synth.rpt"/>
  <File Type="RDS-UTIL-PB" Name="ArrayMultiplier_utilization_synth.pb"/>
  <File Type="RDS-DCP" Name="ArrayMultiplier.dcp"/>
  <File Type="VDS-TIMINGSUMMARY" Name="ArrayMultiplier_timing_summary_synth.rpt"/>
  <File Type="VDS-TIMING-PB" Name="ArrayMultiplier_timing_summary_synth.pb"/>
  <FileSet Name="sources" Type="DesignSrcs" RelSrcDir="$PSRCDIR/sources_1">
    <Filter Type="Srcs"/>
    <File Path="$PPRDIR/../Lab2/multiplierCell.vhd">
      <FileInfo>
        <Attr Name="UsedIn" Val="synthesis"/>
        <Attr Name="UsedIn" Val="simulation"/>
      </FileInfo>
    </File>
    <File Path="$PPRDIR/../Lab2/multiplierRow.vhd">
      <FileInfo>
        <Attr Name="UsedIn" Val="synthesis"/>
        <Attr Name="UsedIn" Val="simulation"/>
      </FileInfo>
    </File>
    <File Path="$PPRDIR/../Lab2/multiplierTopLevel_8Bit.vhd">
      <FileInfo>
        <Attr Name="UsedIn" Val="synthesis"/>
        <Attr Name="UsedIn" Val="simulation"/>
      </FileInfo>
    </File>
    <File Path="$PPRDIR/../Lab2/multiplierTopLevel.vhd">
      <FileInfo>
        <Attr Name="AutoDisabled" Val="1"/>
        <Attr Name="UsedIn" Val="synthesis"/>
        <Attr Name="UsedIn" Val="simulation"/>
      </FileInfo>
    </File>
    <Config>
      <Option Name="DesignMode" Val="RTL"/>
      <Option Name="TopModule" Val="ArrayMultiplier"/>
    </Config>
  </FileSet>
  <FileSet Name="constrs_in" Type="Constrs" RelSrcDir="$PSRCDIR/constrs_1">
    <Filter Type="Constrs"/>
    <File Path="$PPRDIR/../Lab2/Nexys-A7-100T-master.xdc">
      <FileInfo>
        <Attr Name="UsedIn" Val="synthesis"/>
        <Attr Name="UsedIn" Val="implementation"/>
      </FileInfo>
    </File>
    <File Path="$PPRDIR/../Lab2/Nexys-A7-100T-master_asm.xdc">
      <FileInfo>
        <Attr Name="UsedIn" Val="synthesis"/>
        <Attr Name="UsedIn" Val="implementation"/>
      </FileInfo>
    </File>
    <Config>
      <Option Name="ConstrsType" Val="XDC"/>
    </Config>
  </FileSet>
  <Strategy Version="1" Minor="2">
    <StratHandle Name="Vivado Synthesis Defaults" Flow="Vivado Synthesis 2017">
      <Desc>Vivado Synthesis Defaults</Desc>
    </StratHandle>
    <Step Id="synth_design"/>
  </Strategy>
</GenRun>
