<?xml version="1.0" encoding="UTF-8"?>
<GenRun Id="impl_1" LaunchPart="xc7a100tcsg324-1" LaunchTime="1740370300">
  <File Type="PWROPT-DCP" Name="oneRow_pwropt.dcp"/>
  <File Type="ROUTE-PWR" Name="oneRow_power_routed.rpt"/>
  <File Type="PA-TCL" Name="oneRow.tcl"/>
  <File Type="ROUTE-PWR-SUM" Name="oneRow_power_summary_routed.pb"/>
  <File Type="REPORTS-TCL" Name="oneRow_reports.tcl"/>
  <File Type="BG-DRC" Name="oneRow.drc"/>
  <File Type="OPT-METHODOLOGY-DRC" Name="oneRow_methodology_drc_opted.rpt"/>
  <File Type="INIT-TIMING" Name="oneRow_timing_summary_init.rpt"/>
  <File Type="OPT-HWDEF" Name="oneRow.hwdef"/>
  <File Type="OPT-DCP" Name="oneRow_opt.dcp"/>
  <File Type="OPT-DRC" Name="oneRow_drc_opted.rpt"/>
  <File Type="OPT-TIMING" Name="oneRow_timing_summary_opted.rpt"/>
  <File Type="PWROPT-DRC" Name="oneRow_drc_pwropted.rpt"/>
  <File Type="PWROPT-TIMING" Name="oneRow_timing_summary_pwropted.rpt"/>
  <File Type="PLACE-DCP" Name="oneRow_placed.dcp"/>
  <File Type="PLACE-IO" Name="oneRow_io_placed.rpt"/>
  <File Type="PLACE-CLK" Name="oneRow_clock_utilization_placed.rpt"/>
  <File Type="PLACE-UTIL" Name="oneRow_utilization_placed.rpt"/>
  <File Type="PLACE-UTIL-PB" Name="oneRow_utilization_placed.pb"/>
  <File Type="PLACE-CTRL" Name="oneRow_control_sets_placed.rpt"/>
  <File Type="PLACE-SIMILARITY" Name="oneRow_incremental_reuse_placed.rpt"/>
  <File Type="PLACE-PRE-SIMILARITY" Name="oneRow_incremental_reuse_pre_placed.rpt"/>
  <File Type="PLACE-TIMING" Name="oneRow_timing_summary_placed.rpt"/>
  <File Type="POSTPLACE-PWROPT-DCP" Name="oneRow_postplace_pwropt.dcp"/>
  <File Type="POSTPLACE-PWROPT-TIMING" Name="oneRow_timing_summary_postplace_pwropted.rpt"/>
  <File Type="PHYSOPT-DCP" Name="oneRow_physopt.dcp"/>
  <File Type="PHYSOPT-DRC" Name="oneRow_drc_physopted.rpt"/>
  <File Type="BG-BIT" Name="oneRow.bit"/>
  <File Type="PHYSOPT-TIMING" Name="oneRow_timing_summary_physopted.rpt"/>
  <File Type="ROUTE-ERROR-DCP" Name="oneRow_routed_error.dcp"/>
  <File Type="ROUTE-DCP" Name="oneRow_routed.dcp"/>
  <File Type="ROUTE-BLACKBOX-DCP" Name="oneRow_routed_bb.dcp"/>
  <File Type="ROUTE-DRC" Name="oneRow_drc_routed.rpt"/>
  <File Type="ROUTE-DRC-PB" Name="oneRow_drc_routed.pb"/>
  <File Type="BITSTR-MSK" Name="oneRow.msk"/>
  <File Type="ROUTE-DRC-RPX" Name="oneRow_drc_routed.rpx"/>
  <File Type="BG-BGN" Name="oneRow.bgn"/>
  <File Type="ROUTE-METHODOLOGY-DRC" Name="oneRow_methodology_drc_routed.rpt"/>
  <File Type="BITSTR-RBT" Name="oneRow.rbt"/>
  <File Type="ROUTE-METHODOLOGY-DRC-RPX" Name="oneRow_methodology_drc_routed.rpx"/>
  <File Type="BG-BIN" Name="oneRow.bin"/>
  <File Type="ROUTE-METHODOLOGY-DRC-PB" Name="oneRow_methodology_drc_routed.pb"/>
  <File Type="ROUTE-PWR-RPX" Name="oneRow_power_routed.rpx"/>
  <File Type="ROUTE-STATUS" Name="oneRow_route_status.rpt"/>
  <File Type="ROUTE-STATUS-PB" Name="oneRow_route_status.pb"/>
  <File Type="ROUTE-TIMINGSUMMARY" Name="oneRow_timing_summary_routed.rpt"/>
  <File Type="ROUTE-TIMING-PB" Name="oneRow_timing_summary_routed.pb"/>
  <File Type="ROUTE-TIMING-RPX" Name="oneRow_timing_summary_routed.rpx"/>
  <File Type="ROUTE-SIMILARITY" Name="oneRow_incremental_reuse_routed.rpt"/>
  <File Type="RDI-RDI" Name="oneRow.vdi"/>
  <File Type="ROUTE-CLK" Name="oneRow_clock_utilization_routed.rpt"/>
  <File Type="POSTROUTE-PHYSOPT-DCP" Name="oneRow_postroute_physopt.dcp"/>
  <File Type="POSTROUTE-PHYSOPT-BLACKBOX-DCP" Name="oneRow_postroute_physopt_bb.dcp"/>
  <File Type="POSTROUTE-PHYSOPT-TIMING" Name="oneRow_timing_summary_postroute_physopted.rpt"/>
  <File Type="POSTROUTE-PHYSOPT-TIMING-PB" Name="oneRow_timing_summary_postroute_physopted.pb"/>
  <File Type="POSTROUTE-PHYSOPT-TIMING-RPX" Name="oneRow_timing_summary_postroute_physopted.rpx"/>
  <File Type="BITSTR-NKY" Name="oneRow.nky"/>
  <File Type="BITSTR-BMM" Name="oneRow_bd.bmm"/>
  <File Type="BITSTR-MMI" Name="oneRow.mmi"/>
  <File Type="BITSTR-LTX" Name="debug_nets.ltx"/>
  <File Type="BITSTR-LTX" Name="oneRow.ltx"/>
  <File Type="BITSTR-SYSDEF" Name="oneRow.sysdef"/>
  <File Type="WBT-USG" Name="usage_statistics_webtalk.html"/>
  <FileSet Name="sources" Type="DesignSrcs" RelSrcDir="$PSRCDIR/sources_1">
    <Filter Type="Srcs"/>
    <File Path="$PPRDIR/FullAdder.vhd">
      <FileInfo>
        <Attr Name="UsedIn" Val="synthesis"/>
        <Attr Name="UsedIn" Val="simulation"/>
      </FileInfo>
    </File>
    <File Path="$PPRDIR/HalfAdder.vhd">
      <FileInfo>
        <Attr Name="UsedIn" Val="synthesis"/>
        <Attr Name="UsedIn" Val="simulation"/>
      </FileInfo>
    </File>
    <File Path="$PPRDIR/multiplierCell.vhd">
      <FileInfo>
        <Attr Name="UsedIn" Val="synthesis"/>
        <Attr Name="UsedIn" Val="simulation"/>
      </FileInfo>
    </File>
    <File Path="$PPRDIR/multiplierRow.vhd">
      <FileInfo>
        <Attr Name="UsedIn" Val="synthesis"/>
        <Attr Name="UsedIn" Val="simulation"/>
      </FileInfo>
    </File>
    <File Path="$PSRCDIR/sources_1/imports/Lab2/multiplierTopLevel.vhd">
      <FileInfo>
        <Attr Name="AutoDisabled" Val="1"/>
        <Attr Name="ImportPath" Val="$PPRDIR/multiplierTopLevel.vhd"/>
        <Attr Name="ImportTime" Val="1740370297"/>
        <Attr Name="UsedIn" Val="synthesis"/>
        <Attr Name="UsedIn" Val="simulation"/>
      </FileInfo>
    </File>
    <File Path="$PPRDIR/ASMmultiplier.vhd">
      <FileInfo>
        <Attr Name="UserDisabled" Val="1"/>
        <Attr Name="UsedIn" Val="synthesis"/>
        <Attr Name="UsedIn" Val="simulation"/>
      </FileInfo>
    </File>
    <File Path="$PPRDIR/multiplierTopLevel_8Bit.vhd">
      <FileInfo>
        <Attr Name="UserDisabled" Val="1"/>
        <Attr Name="UsedIn" Val="synthesis"/>
        <Attr Name="UsedIn" Val="simulation"/>
      </FileInfo>
    </File>
    <File Path="$PPRDIR/wallace_4x4_multiplier.vhd">
      <FileInfo>
        <Attr Name="UserDisabled" Val="1"/>
        <Attr Name="UsedIn" Val="synthesis"/>
        <Attr Name="UsedIn" Val="simulation"/>
      </FileInfo>
    </File>
    <Config>
      <Option Name="DesignMode" Val="RTL"/>
      <Option Name="TopModule" Val="oneRow"/>
      <Option Name="TopAutoSet" Val="TRUE"/>
    </Config>
  </FileSet>
  <FileSet Name="constrs_in" Type="Constrs" RelSrcDir="$PSRCDIR/constrs_1">
    <Filter Type="Constrs"/>
    <File Path="$PPRDIR/Nexys-A7-100T-master.xdc">
      <FileInfo>
        <Attr Name="UsedIn" Val="synthesis"/>
        <Attr Name="UsedIn" Val="implementation"/>
      </FileInfo>
    </File>
    <File Path="$PPRDIR/Nexys-A7-100T-master_asm.xdc">
      <FileInfo>
        <Attr Name="UsedIn" Val="synthesis"/>
        <Attr Name="UsedIn" Val="implementation"/>
      </FileInfo>
    </File>
    <Config>
      <Option Name="TargetConstrsFile" Val="$PPRDIR/Nexys-A7-100T-master.xdc"/>
      <Option Name="ConstrsType" Val="XDC"/>
    </Config>
  </FileSet>
  <Strategy Version="1" Minor="2">
    <StratHandle Name="Vivado Implementation Defaults" Flow="Vivado Implementation 2017">
      <Desc>Default settings for Implementation.</Desc>
    </StratHandle>
    <Step Id="init_design"/>
    <Step Id="opt_design"/>
    <Step Id="power_opt_design"/>
    <Step Id="place_design"/>
    <Step Id="post_place_power_opt_design"/>
    <Step Id="phys_opt_design"/>
    <Step Id="route_design"/>
    <Step Id="post_route_phys_opt_design"/>
    <Step Id="write_bitstream"/>
  </Strategy>
</GenRun>
